internship_title,skills_required
Java Development,git;java
Accounting and Finance,accounting;excel;financial analysis
Sales & Digital Marketing,digital marketing;excel;social media marketing
Social Entrepreneurship,
Videography & Photography,
English Curriculum Writing,
Search Engine Optimization (SEO),seo
Digital Dreamweaver: Internship Odyssey In Graphic Design,figma;graphic design;ui/ux design
Graphic Design,figma;graphic design;ui/ux design
Campus Ambassador,
Customer Support Management,
Bilingual Content Writing,
Office Operations,
Design,figma;graphic design;ui/ux design
Copywriting,
Social Media And Influencer Marketing,digital marketing;excel;social media marketing
Customer Success,
Instagram/TikTok Reel Creation,
Corporate Sales,
Affiliate Marketing,digital marketing;excel;social media marketing
Product Management,
Influencer Marketing,digital marketing;excel;social media marketing
Media And Public Relations (PR),
Law/Legal,
Human Resources (HR),
PHP Laravel Development,git
Social Work,
Social (Fundraising),deep learning;machine learning;nlp;python;tensorflow
Sales,
Sales  Executive,
Marketing,digital marketing;excel;social media marketing
Recruitment,
UX Design,figma;graphic design;ui/ux design
HR Consultant,
L&D,
Launch Management,
HR - Talent Acquisition,
Customer Support,
Generative Adversarial Networks,
Node.js Development,git;javascript;node.js
Product Management (Technical),
Web Development (Frontend),css;git;html;javascript;react
Technical Content Writing,
MERN Stack Development,git
ReactJs Development,git;javascript;react
Python Django Development,git;pandas;python
Python Automation,pandas;python
HR & Admin,
Resource Management,
Project Management,
Business Development,git
Business Development (Sales),git
Sales Promotion,
UI Design,figma;graphic design;ui/ux design
Project Management (Marketing),digital marketing;excel;social media marketing
Finance & Accounting,accounting;excel;financial analysis
Customer Relationship,
Talent Acquisition,
Communication & Project Management,
Logistics And Operations,
Event Management,
Content Writing,
Environment Education Program (Mumbai),deep learning;machine learning;nlp;python;tensorflow
Finance,accounting;excel;financial analysis
Customer Service,
Advertising Sales(Business Development) - Kerala (Malayalam),git
Legal,
Fundraising,deep learning;machine learning;nlp;python;tensorflow
"New Client Aquisition, Key Accounts Management",
Omni Sport Leadership - Hiking/Trekking,
Business Development Management,git
Data Entry With Marketing,digital marketing;excel;social media marketing
Operations,
HR Operations,
Guest Relation Operations,
Event Coordination,
Induction Representation,
Field Sales,
City Management,
Social Media Management,digital marketing;social media marketing
Video Editor,
Social Media Marketing,digital marketing;excel;social media marketing
Omni Sports Leader,
Android App Development,git;java
Telecalling,
Company Secretary (CS),
Webinar Operations & Strategy,css;git;html
Social Media Manager,digital marketing;social media marketing
Journalism,
Business Operations,
Online Reputation Management,
Strategy and Research,
HR,
Web Maintenance,css;deep learning;git;html;machine learning;nlp;python;tensorflow
User Research,
Nutraceuticals-Project,
Sales Administration,
Marketing And Communications,digital marketing;excel;social media marketing
Program Operations,
Volunteering,
Graphic And Content,
DEI Consulting,
Angular UI Development & UI Design,figma;git;graphic design;ui/ux design
Teaching GPAT And Pharmacy Exams,
Business Operations And Research,
Business Development & Brand Solution,git
Supply Chain & Logistics Operations,deep learning;machine learning;nlp;python;tensorflow
Motion Design,figma;graphic design;ui/ux design
Sales Trainee,deep learning;machine learning;nlp;python;tensorflow
Retail Management,deep learning;machine learning;nlp;python;tensorflow
Operation Analyst,
Omni Sports Leadership,
Omni Sports Leading,
IT Coordination,
Admin,
Software Development – Vāgyojaka Tool,git
Omni Sport Leader,
Youtube Management,
Public Relations,
Sales (Real Estate),
Customer Experience,
Insurance Consulting,
Curriculum Development,git
Digital Marketing,digital marketing;excel;social media marketing
Lead HR (Admin),
Content Creation & Ideation,
Technical Finance,accounting;excel;financial analysis
Media And Social Media Management,digital marketing;social media marketing
Digital Media Monitoring/Content Analytics,
Digital And Cartoon Artist,
Content Marketing,digital marketing;excel;social media marketing
Social Media Research/Scouting,digital marketing;social media marketing
Video Making/Editing,
YouTube Marketing,digital marketing;excel;social media marketing
Marketing (Sunburn),digital marketing;excel;social media marketing
Content Developement (DIY Videos),
US Sales Process (Female),
Chartered Accountancy (CA),
Content Writing (Education),
Computer Operations,
Creative Design,figma;graphic design;ui/ux design
Subject Matter Expert (Mathematics) - Doubt Solving,
Content Writing (Art & Craft),
Content Writing (Fashion & Lifestyle),
Web Development,css;git;html;javascript;react
Web Content Development,css;git;html
Video Editing,
UI/UX Design,figma;graphic design;ui/ux design
Data Entry,
Brand Management,
HR And Market Research,
Civil Engineering,
Architecture,
Digital Marketing (Meme & Carousel Making),digital marketing;excel;social media marketing
General Management,
Legal Content Curation,
English Content Curation (IELTS),
Field And Digital Marketing,digital marketing;excel;social media marketing
Accounts And Audit,
YouTube SEO,seo
Quality Analytics,
Growth Hacking,
Purchase Management,
Telecalling & Administration,
Furniture/Product Design,figma;graphic design;ui/ux design
Inside Sales,
Growth (Marketing),digital marketing;excel;social media marketing
Travel Research And Data Entry,
Sales executive,
Teaching (Python/Java/C++/Kotlin/Go/Javascript/Swift/Scala/Ruby),c++;java;javascript;pandas;python
Coordination,
Admission Counseling,
E-Commerce Marketing,digital marketing;excel;social media marketing
Content Development (English),git
Probability,
Credit Analytics,
Trainer (Teaching VLSI Front-end Designing Or VLSI Back-end Designing Course),deep learning;figma;graphic design;machine learning;nlp;python;tensorflow;ui/ux design
Fundraising/Crowdfunding,deep learning;machine learning;nlp;python;tensorflow
Psychology ( Marketing),digital marketing;excel;social media marketing
IPad Art,
Torchbearer Impact Program,
Technical Architecture,
Social Impact Leading,
Social Sector Operations,
Product Marketing,digital marketing;excel;social media marketing
Sales And Marketing,digital marketing;excel;social media marketing
Subject Matter Expert (Physics) Live Doubts,
Digital Marketing (Email Marketing),deep learning;digital marketing;excel;machine learning;nlp;python;social media marketing;tensorflow
Sales (Tele-marketing),digital marketing;excel;social media marketing
Ruby On Rails Development,deep learning;git;machine learning;nlp;python;tensorflow
Physics Content Writing,
Subject Matter Expert (Chemistry) Live Doubt,
Content Writing (Chemistry),
AWS DevOps Engineering,aws;azure;docker;git
Market Research (Fashion),
Angular.js Development,git
Electrical Engineering,
Operation,
Business Development (Female),git
Interior Design,figma;graphic design;ui/ux design
Personal Assistant,
CEO Assistant,
Motion Graphics,
Civil Engineering (Hydraulic/Water Resources),
Email Marketing,deep learning;digital marketing;excel;machine learning;nlp;python;social media marketing;tensorflow
Social Media,digital marketing;social media marketing
Editorial Assistance,
E-commerce Operations,
Marketing Specialist,digital marketing;excel;social media marketing
EXPO - Project Coordination,
Marketing Lead,digital marketing;excel;social media marketing
Accounting And Bookkeeping,accounting;excel;financial analysis
Visual Communication,
Motion Graphics Design,figma;graphic design;ui/ux design
Telesales,
Embedded & IoT Development,c++;git
Customer Delight,
Climate Storytelling,
Solid Works 3D Printing,
Auditing And Accounting,accounting;excel;financial analysis
HR Recruitment,
QA Engineering,
Subject Matter Expert - Cyber Security,
Cyber Security,
Data Entry Executive,
Financial Analysis,accounting;financial analysis
Virtual Volunteering,
Subject Matter Expert (SME),
Computer Teaching,
Robotics Embedded Engineering,c++
AI Technology,deep learning;machine learning;nlp;python;tensorflow
Equity & Derivatives Trading,
IT Infra/Devops,aws;azure;docker;git
Crowdfunding,
Business Development(field sales),git
Sales Consultant,
Fundraising Operations,deep learning;machine learning;nlp;python;tensorflow
Social Media Research,digital marketing;social media marketing
YouTube Creation,
Content Writing (Academic),
Voice Over Artist - Marati/Gujarathi/Assame With Editing Skills,
Market Research,
Empowering Social Entrepreneurs,
PR & Marketing,digital marketing;excel;social media marketing
Guest Relations Management,
Customer Service Executive,
Content Management,
Script Writing (Non-Fiction),
Copywriting And Reel Creation,
E-commerce Executive,
Strategy And Development,git
Category Management,
Management (Work From Office),
Social Media Community Building,digital marketing;social media marketing
Sales CRM,
Celebrity Onboarding,
Mental Health Helpline Crisis Counseling,
Social Media Sales,digital marketing;social media marketing
Marketing And Sales,digital marketing;excel;social media marketing
Video Editing & Voiceover,
Project Management/Operations Management,
WordPress Development,git
Lead Generation,
Virtual Charity Drive,
Nest Js And Backend Development,docker;git;java;node.js
Teaching,
Subject Matter Expert (Operations Management),
Online Marketing,digital marketing;excel;social media marketing
Strategy,
US IT Recruitment,
Marketing & Growth,digital marketing;excel;social media marketing
History (Subject Matter Expert),
HR (Talent Acquisition),
iOS App Development,git
Social Cause,
Fundraising Volunteering,deep learning;machine learning;nlp;python;tensorflow
Meme Creation,
Infographics - Assame/Gujarathi/Punjabi,
Stock Market Research,
Investor Management - Trainee,deep learning;machine learning;nlp;python;tensorflow
Payroll,
Market Survey Vishakapatnam To Vijayawada,
Party Styling And Content Creation,
Front End Development,git
Teaching (Scratch Coding),
Grant/Investment Pitch Deck Making (VCs & Angels),financial analysis
Digital Marketing (SMM),digital marketing;excel;social media marketing
FundFair Operations,deep learning;machine learning;nlp;python;tensorflow
Link Building,
Content Presenting - Business,
Teaching Arabic,
Creative Operations,graphic design
UPSC Creative Content Curation,graphic design
Coding - Teaching,
Fashion Merchandising,
LinkedIn Marketing And Sales,digital marketing;excel;social media marketing
Fashion Communications,
Subject Matter Expert (SME) Chemistry,
Visual Design,figma;graphic design;ui/ux design
Performance Marketing,digital marketing;excel;social media marketing
Client Success,
Hindi Content Writing,
Fashion Technology/Merchandising (NIFT),
Fashion Merchandising (NIFT),
Fashion Design (NIFT),figma;graphic design;ui/ux design
Social Media Creative Writing,digital marketing;graphic design;social media marketing
Instagram Ad Copywriting,
On-Ground Operations,
Business Development (Sales - Ortho/Medical),git
MIS,
Digital Marketing & Prompt Development,digital marketing;excel;git;social media marketing
Taxation,
Fashion Communication (NIFT),
Operational Support (Generalist),
Social Research,
Supply Chain And Logistics Operations,deep learning;machine learning;nlp;python;tensorflow
Instagram Reels Creation,
Marketing Operations,digital marketing;excel;social media marketing
Telecounseling,
Subject Matter Expert (Physics),
Educational Consulting,
Fashion Cordination,
Bussiness Development,git
Registration Calling,
Reminder Calling,
Subject Matter Expert (Pure Statistics),
Event Details Communication,deep learning;machine learning;nlp;python;tensorflow
Data Reporting,
Video Content Creation,
Business Development (Sales) & Telecalling,git
Patron Engagement Executive,
Content Creation,
Delegate Engagement Specialist,
Revenue Distribution,
Administration,
Formulation And Marketing Of Health Supplement,digital marketing;excel;social media marketing
Sales & Alliances,
Content Creation & Strategy,
Market Automation (Digital Marketing),digital marketing;excel;python;social media marketing
Student Success,
International Business Development,git
Videography,
Subject Matter Expert (General Knowledge For Government Exams),
Digital Media,
Photography,
YouTube Shorts Making,
Study Abroad Operations,
Sales Support,
Videography & Film-making (Video-Editing),
Social Media Operations,digital marketing;social media marketing
Marketing And Operations (E-commerce),digital marketing;excel;social media marketing
Ad Strategy,
Academic Content Expert - Chemistry (English),
Human Resources (Operations),
Project Assistance (Management),
Video Making/Editing And Graphic Designing,figma;graphic design;ui/ux design
Supply Chain Management (SCM),deep learning;machine learning;nlp;python;tensorflow
Trainee - Brand Solutions (TribeVibe),deep learning;machine learning;nlp;python;tensorflow
Photography And Videography,
BPO,
Marketing Management,digital marketing;excel;social media marketing
Academic Content Expert - Statistics (English),
Visualizing/Design,figma;graphic design;ui/ux design
Makeup Academy Coordination And Communication,
Social Media Marketing (Facebook),digital marketing;excel;social media marketing
Growth Associate (Corporate Sales),
International Live Touring,
Advertisement Film Production,
Climate Leader Stewardship,
Visual Merchandising,
Talent Sourcing,
Academic Content Expert - Physics (English),
Creative Media,graphic design
Pharmacy Operations,
Business Development (B2C Channel),git
Sales & Lead Generation,
House Keeping,
Customer Success (Calling),
Tele Calling Sales,
Telemarketing [In Office],digital marketing;excel;social media marketing
Hotel Management (Service),
Content Creation (Shoe Category),
B2B Sales,
Enterprise Account Management (Sales),
Investment Advisory,financial analysis
Customer Service & Social Media Management,digital marketing;social media marketing
Sales Development Representative,git
Academic Counseling,
Graphic Art,
Academic Content Expert - Economics (English),
English Teaching,
Influencer Sales & Outreach,
Educational Video Creation,
Marketing (For Exhibitions),digital marketing;excel;social media marketing
"Design (Fashion/Textile/Sourcing) Internship In Delhi,",figma;graphic design;ui/ux design
Admission Counselling,
"Event Operations, Sports Management, Marketing, Sales, PR",digital marketing;excel;social media marketing
FRONT OFFICE,
Social Innovation,
Community Development,git
CXO Digital Expert Connect Related Work,
Business Development (Sales & Marketing),digital marketing;excel;git;social media marketing
Client Servicing,
Fashion Photography,
Hotel Management (Food & Beverage Production),
Graphic Design & Management,figma;graphic design;ui/ux design
Affiliate Sales Strategy,
Social Media Marketing (Branded Content),digital marketing;excel;social media marketing
Social Media Marketing - Hindi,digital marketing;excel;social media marketing
Client Servicing - Advertising & Events,
AI Art,deep learning;machine learning;nlp;python;tensorflow
Founder In Residence,
Management,
Digital Art Illustration,
Subject Matter Expert (Chemical Engineering),
Administration & Operations,
Business Development (Sports),git
New Market Acquisition Lead,
Comic Book Illustration,
Placement Operations,
Event Operations,
Founders Office,
Teaching (Pre-school),
Graphic Design And Video Marketing,digital marketing;excel;figma;graphic design;social media marketing;ui/ux design
Research And Development,git
Content Development (Metaphysics),git
Account Management,
Fashion Stylist,
Academic Content Writing,
Client Acquisition,
Subject Matter Expert (Chemistry),
Digital Marketing & Pre-Sales,digital marketing;excel;social media marketing
HR Coordination,
Sales & Business Development,git
Mathematics And Statistics,
Social Sciences For Research On SDG/ESG Reporting,
Sports Operation,
Storyboard Artistry For Webtoons,css;git;html
Administration And Operations,
Sketching Art,
E-Commerce Sales,
Executive Assistant,
Metallurgical Engineering,
Organizational Psychology,
Mass Communications,
Accounting & Reporting,accounting;excel;financial analysis
Holiday Expert - Sales & Marketing (Travel & Tourism),digital marketing;excel;social media marketing
IT Management For Project,
Human Resource (HR),
3D Animation,
Growth Execution,
Purchase Operations,
Accounting & Tally,accounting;excel;financial analysis
Academic Content Expert - Accountancy (English),
Finance (Wealth Management),accounting;excel;financial analysis
Accounting,accounting;excel;financial analysis
Human Resource - Recruitment,
Database Building/Management,sql
Equity Research Analysis & Trading,
Data Science (Mentor And Development),git;machine learning;pandas;python
Technical Research Associate,
Investor Relations,
Cold Outreach And Outbound Marketing,digital marketing;excel;social media marketing
Library Front Desk Operations,
Designer (Sportswear & Apparel),figma;graphic design;ui/ux design
Filmmaking,
Educational Research,
Electrical Engineering Teaching,
Sales (Travel Planning),
Podcast Show Hosting,
Management (Male Candidates Preferred),
Animation (Videoscribe),
Voice Over,
Psychology,
Tele-Counseling,
Media & Public Relations (PR),
Radio Jockey,
3D Design,figma;graphic design;ui/ux design
Film Production,
Business Building,
Subject Matter Expert (Economics),
Financial Accounting,accounting;excel;financial analysis
Sales & Marketing,digital marketing;excel;social media marketing
Customer Support Engineering (IT),
Research (Economics),
Hosting/Hostessing,
Content Design And Graphic Design,figma;graphic design;ui/ux design
Remote Business Development,git
Online Business & Portal Development,git
UX/UI Design,figma;graphic design;ui/ux design
Brand Marketing,digital marketing;excel;social media marketing
Sales And Admin Coordination,
Assistance To Director,
Fashion Design Management,figma;graphic design;ui/ux design
Visualization,
Partnership Management,
Graphic Design And UI/UX,figma;graphic design;ui/ux design
Creative Communications,graphic design
Fashion Design - NIFT/ PEARL,figma;graphic design;ui/ux design
Web3 Content Creation,css;git;html
Corporate Relations,
PHP Development,git
"Strategic Communications, Media & Public Relations (PR)",
Social Media Marketing & Digital Marketing,digital marketing;excel;social media marketing
Mobile App Development,git
Fashion Design & Styling,figma;graphic design;ui/ux design
"Content Writing (UFC, Boxing)",
Golang Development,git
Business/Sales Development (Agricultural Products),git
Chemistry Subject Expert,
Subject Matter Expert (Physics And Advanced Physics),
Solar Engineering,
Statistics Subject Expert,
E-Commerce Business Management,
Digital Project (Associate),
2D Animation,
Industrial Decarbonization Research,
Climate Finance Research,accounting;excel;financial analysis
IT Sales,
Research,
Accounts,
Product Design - Mechanical Engineering,figma;graphic design;ui/ux design
Social Media Content Creation,digital marketing;social media marketing
CAD (Computer Aided Design) Engineering,deep learning;figma;graphic design;machine learning;nlp;python;tensorflow;ui/ux design
Printed Circuit Board Design,figma;graphic design;ui/ux design
Embedded Systems,c++
Banking Operations,
Electronics Engineering,
CAD & Product Design,figma;graphic design;ui/ux design
PowerShell Development,git
Energy Efficiency Research,
AWS Terraform &  Kubernetes DevOps,aws;azure;docker;git
Design & Manufacturing,figma;graphic design;ui/ux design
Investor Relation (Women Candidates Only),
Chartered Accountancy (CA) Articleship,
Flutter Development,git
Data Entry - Chennai,deep learning;machine learning;nlp;python;tensorflow
C# .NET Development,git
Creative Editing & Virtual Assistance For Ecommerce Brand,graphic design
Accounts & Finance Management,accounting;excel;financial analysis
Subject Matter Expert (Accounting),accounting;excel;financial analysis
Community Management,
Subject Matter Expert (Mathematics),
Field Visit For Data Collection,
Data Annotation (Non-Tech),
Power Electronics Engineering (Electric Vehicles),
Product Design - Industrial Design (ID),figma;graphic design;ui/ux design
Android Teaching Assistance (Virtual),java
Pre-Sales And Sales Support,
Remote Tele Sales Executive - Real Estate,
Mechanical Design,figma;graphic design;ui/ux design
Sales ( Work from home),
Analytical Chemistry,
Environmental Engineering,
Learning & Development,git
Oscillation And Waves Teaching,
Human Resources (teams),
Subject Matter Expert (SME) Economics,
Teaching (Abacus),
Leads Generation/Inside Sales,
AI Procurement Chatbot Based On Bubble.io And Open AI,deep learning;machine learning;nlp;python;tensorflow
Applied Thermodynamics Teaching,
Mechanics Teaching,
Lead Generation Specialist,
UI/UX Design Developement,figma;graphic design;ui/ux design
Subject Matter Expert (SME) - Economics,
Subject Matter Expert - Physics,
T3 Stack Development,git
"Share Broking, Investment & Personal Finance",accounting;excel;financial analysis
Onboarding Management,
WordPress Web Design And Digital Marketing,css;digital marketing;excel;figma;git;graphic design;html;social media marketing;ui/ux design
Statistics And Probability (Subject Matter Expert),
Tele-sales,
Social Media And Content Marketing,digital marketing;excel;social media marketing
Instructional Design,figma;graphic design;ui/ux design
Sports Content Writing (Tennis),
Recruitment Consultant,
Nursing (Subject Matter Expert),
Full Stack Development,css;git;html;javascript;node.js;react
Hindi Documentation/Hindi Module Making,
Full Stack Development With Experience Of Data Analytics,css;git;html;javascript;node.js;react
"Content Writing For CA, CS, CMA",
Presales Lead Business Analyst,excel;sql
Marketing & Sales,digital marketing;excel;social media marketing
"NextJS, NodeJS & Firebase Development",git;javascript;node.js
Frontend Web Development,css;git;html;javascript;react
Legal Research,
Technical,
Machine Learning,machine learning;python;tensorflow
Marketing Executive,digital marketing;excel;social media marketing
Backend Development,docker;git;java;node.js
Powerbi Analytics,
Social Media/Digital Marketing Marketing,digital marketing;excel;social media marketing
AWS Development - Python,aws;git;pandas;python
Estimation And Costing Engineering (Civil),
Accounting & Bookkeeping,accounting;excel;financial analysis
WhatsApp Marketing,digital marketing;excel;social media marketing
Translator / Transcriber (English To Hindi),
Network Support,
Digital Marketing & Business Development,digital marketing;excel;git;social media marketing
Data & Reporting,
Content Strategist,
Graphic And Social Media Design,digital marketing;figma;graphic design;social media marketing;ui/ux design
College Event Coordination,
Business Development Associate/ Upwork Bidder,git
Video Editing & Digital Ads Creation,
Fashion Design,figma;graphic design;ui/ux design
Sales- Consulting Services,
Backend Development (Node.js),docker;git;java;javascript;node.js
IoT Engineering,
Company Secretary (CS)trainee,deep learning;machine learning;nlp;python;tensorflow
Unity Game Development,c++;git
Fashion Design And Merchandising,figma;graphic design;ui/ux design
Admin Cum Accounts,
Information Technology,
Enterprise Sales Executive (IT Solution Sales),
WhatsApp Campaign Management,deep learning;machine learning;nlp;python;tensorflow
Graphic Design (Canva),figma;graphic design;ui/ux design
Civil Engineering Research,
"Botany, Zoology, And Microbiology Research",
"Agriculture, Horticulture And Rural Development Research",git
Customer Relations,
Economics/Policy Research,
LinkedIn Marketing,digital marketing;excel;social media marketing
Content Writing (Mobile Application),
Branding And Visual Design,figma;graphic design;ui/ux design
Field Research Analytics,
Customer Service And Sales,
Manual Testing,
Company Secretary (CS) Trainee,deep learning;machine learning;nlp;python;tensorflow
Management Consulting,
Operations Analytics,
Cold Calling,
Website Design,css;figma;git;graphic design;html;ui/ux design
Content Writing - Remote,
Blockchain Development,deep learning;git;machine learning;nlp;python;tensorflow
Graphic Design (Logo/Social Media Design),digital marketing;figma;graphic design;social media marketing;ui/ux design
Lead Generation (Whatsapp Group Scrapping),
Investment Analysis,financial analysis
Equity Research,
Inside Sales ETech Prowess,
Video Creation,
Stock Market,
Stock Market Management,
Equity Research And Trading,
Video Presentation,
WebApp Development,css;git;html
Instragram Marketing,digital marketing;excel;social media marketing
Real Estate Sales,
Outbound Sales,
Chemistry Video Solutions (English),
Business Development (Inbound & Outbound Fashion Sales),git
Tech Specialist (Shopify),
Field Work For HairCare Brand,deep learning;machine learning;nlp;python;tensorflow
Reel Making,
Client Relationship Execution,
Test Analysis,
ReactJS And Express.js Development,git;javascript;react
Sales (SaaS),
Full Stack Development - MERN,css;git;html;javascript;node.js;react
Environmental Sciences,
React/Node.js Web/UI Development,css;git;html;javascript;node.js;react
Human Resources (Administration),
Content Writing & Research,
Catalog Management,
Django Development,git
Data Analytics,
"Human Resources, Talent Acquisition & Management",
Vendor Management,
Talent Acquisition (Recruitment),
Digital Marketing & Operations,digital marketing;excel;social media marketing
Founder's Office Operations,
Web Designing,css;figma;git;graphic design;html;ui/ux design
Business Analysis,
Telecalling (Sales),
News Data Entry Operation,
Product Design,figma;graphic design;ui/ux design
Research (Personal Finance),accounting;excel;financial analysis
IoT Development,git
Travel Consulting,
Mobile App Testing,
Market Research Analysis,
Content Execution,
Forensics Accounting & Fraud Investigations,accounting;excel;financial analysis
Brand Management & Content Marketing,digital marketing;excel;social media marketing
Accounting / CA,accounting;excel;financial analysis
Digital Content Creation,
Content Writing & Social Media Management,digital marketing;social media marketing
Auditing,
Project Assistant (Management/Logistics),
Website Development,css;git;html
Artificial Intelligence (AI),deep learning;machine learning;nlp;python;tensorflow
Lead Generation Analysis,
Policy Research (Startup India Program),
Social Media & Content Writing,digital marketing;social media marketing
Digital Marketing & Lead Conversion,digital marketing;excel;social media marketing
Film Direction,
Product Development,git
Marketing & Social Media,digital marketing;excel;social media marketing
College Volunteering,
Biotechnology,
Course Development,git
Network Administration (CCNA),
"Subject Matter Expert (SME)- Maths, Physics & Engineering",
Online IIT-JEE Chemistry Tutoring,
"Product Assembly (Diploma, ITI Graduates)",
Education Sales,
Instagram Reels,
Online CBSE/ICSE Mathematics Tutoring,
Software Development,git
Styling,
Customer Sales & Operations,
Business Support Assistance,
Agriculture & Food Engineering,
Online Tutoring For Recorded Classes,
Commerce And Management Subject Matter Expert,
Statistics Tutoring For Recorded Classes,
Online Tutoring For CUET,
Online Tutoring For Commerce (PG),
Online Tutoring For Statistics,
Online Tutoring For Physics Chemistry And Mathematics,
Policy Research,
Music Creation/Composing,
Blender 3D Animation,
Online Tutoring For Journalism,
Laravel Development,git
Online Tutoring (Economics),
Site Engineering (Civil),
IO Psychology,
Online Tutoring For Social Work,
Subject Matter Expert (Organic Chemistry),
Subject Matter Expert (Anatomy And Physiology),
UPSC Proofreading,
Data Science,machine learning;pandas;python
Management Trainee,deep learning;machine learning;nlp;python;tensorflow
Social Media Content Writing,digital marketing;social media marketing
Operations & Quality Assurance,
Photoshop Editing,
Primary Research,
Media Sales,
Project Executive,
Back-office Operation,
Content Creator,
News Writing,
Graphic Design - Marketing Agency,digital marketing;excel;figma;graphic design;social media marketing;ui/ux design
Mechanical Engineering,
SEO Content,seo
Research Analyst,
UI/UX Figma Design,figma;graphic design;ui/ux design
Product Research,
Android App Figma Development,git;java
Doubt Solving (Physics),
Technical And Fundamental Analysis (Capital Market),
3D Artist,
Sales -Workplace Wellness,
Social Media Marketing (Dating App Start-up),digital marketing;excel;social media marketing
Education Enrichment,
Video Editor & Human Resources,
IT Recruitment,
Library Science,
Business Development / Enterprise Sales,git
Assistant Photographer,
Creative Brand Associate,graphic design
Theatre Assistance - Teaching And Production,
Human Resource,
Research And Documentation,
Mental Health Project Management,
Video Creation & Editing,
Corporate Communication Design,figma;graphic design;ui/ux design
Ecommerce SEO Analyst,seo
Climate Change Learning Design,figma;graphic design;ui/ux design
SEO Trainee,deep learning;machine learning;nlp;python;seo;tensorflow
Environmental Operations Management,
Course Development (Full-Stack Development With Next.js 13),git
Online Bidder Business Development Associate,git
Ecommerce Sales Executive,
"SEO, SEM And WordPress",seo
French Training,deep learning;machine learning;nlp;python;tensorflow
Electrical & Power Electronics,
Content Writing (Psychology),
Business Analytics,
Aerospace Engineering,
Software Development & Testing (QA),git
Account Coordination,
Fashion Consultant,
RPA Development (UiPath Certified Professional),git
Graphic Design (Branding),figma;graphic design;ui/ux design
Audiologist,
Quality Assurance,
Quality Assurance (Content),
Academic Content Quality Assurance,
"Service Engineers, Marketing, On Site Engineers",digital marketing;excel;social media marketing
User Interfaces And Experiences (UIX),
Travel Sales And Operations,
Website And SEO Management,css;git;html;seo
"BIA (Big Data, IoT And Analytics)",
Stock Exchange,
Football Event Management,
D2C Growth & Social Media,digital marketing;social media marketing
Video Editing (After Effects),
Research Analytics,
Business Project Management,
Data Analysis & Research,pandas;sql
Google Pay Integration,
Data Analysis,pandas;sql
Online NEET Biology Tutoring,
Online IIT/JEE Physics Teaching,
Mechanical Design & Product Development,figma;git;graphic design;ui/ux design
Content Writing (Anime And Manga),
Content Writing (College Section),
Interior Design (Office Design),figma;graphic design;ui/ux design
Graphic Design & UI/UX Design,figma;graphic design;ui/ux design
Community Mental Health & Growth Management,
Instagram Reel Content Creation,
Cloud DevOps,aws;azure;docker;git
Django & Django REST Framework Development,git
Course Development (Full-Stack Web Development and Python/Django),css;git;html;javascript;pandas;python;react
Data Collection,
System Engineering,
Embedded Design Engineering,c++;figma;graphic design;ui/ux design
French Teaching,
Customer Data Management,
Play-out Operator,
Creative Assistant Director,graphic design
Digital Marketing (YouTube Management),digital marketing;excel;social media marketing
SEO,seo
Trainee Sales Executive,deep learning;machine learning;nlp;python;tensorflow
Research/Web Design,css;figma;git;graphic design;html;ui/ux design
Marketing & PR,digital marketing;excel;social media marketing
Data Entry/Coding,
"Video Editing (Canva, Adobe Premier Pro, Express)",
Sales & Marketing (Field Sales),digital marketing;excel;social media marketing
Research & Analysis (Mutual Fund),
Business Management,
Marketing & Project Management,digital marketing;excel;social media marketing
Metaverse(Game) Development,git
MIS Management,
Equity Analysis,
Customer Care,
Leather Merchandising,
SEO Content Writing,seo
Personal Assistant To The Founder,
Content Development (Architecture),git
Claims Management,deep learning;machine learning;nlp;python;tensorflow
Software Training,deep learning;git;machine learning;nlp;python;tensorflow
Management Consultant,
Electrical And Electronics Engineering,
AI/Computer Vision/AI Automation Development,deep learning;git;machine learning;nlp;python;tensorflow
Creative Writing,graphic design
Remote Learning Coordination,
Python Development,git;pandas;python
Computer Science Expert,
Social Media Markerting,digital marketing;social media marketing
IT Assessment Development,git
Application Testing,
Medical Writing (Insurance-Medical),
Relationship Trainee,deep learning;machine learning;nlp;python;tensorflow
Python Full Stack Development,css;git;html;javascript;node.js;pandas;python;react
Doubt Solving (Physical Chemistry),
E-commerce (Product Listing),
Video Editing (Canva),
Lead Collection Analysis,
Digital Marketing Executive,digital marketing;excel;social media marketing
Interior And Architecture,
LinkedIn Profile Handling,
Graphic Design And Video Editing,figma;graphic design;ui/ux design
Lead Generation - WhatsApp Group Scrapping,
Technical Project Coordination,
3D Modeler/Texture Artist,
Content & E-Commerce Management,
Video & Graphic Design,figma;graphic design;ui/ux design
Freelance Graphic Design,figma;graphic design;ui/ux design
E Commerce Management,
"Business Development (sales and purchase), Communication And Coordination With Stakeholders",git
Computer Operator,
Zoho Creator Development,git
Audio Making/Editing,
Clothing Design For Christian Charity Clothing Brand,figma;graphic design;ui/ux design
Video Making,
Informative Reel Making,
Editorial,
Fashion Communication,
Key Account Manager,
Insurance Advisory,
React Native Development,git;javascript;react
Edtech Sales,
Computer Technician,
Sales And Marketing Analyst,digital marketing;excel;social media marketing
Sales Growth & Marketing,digital marketing;excel;social media marketing
Media & Journalism,
Subject Matter Expert (Real-Time Doubt Solving),
Financial Analytics,accounting;financial analysis
Consultant,
Graphic Design And Website Design,css;figma;git;graphic design;html;ui/ux design
Back-link And Content Strategy,
Animated Video Creation,
Project Management (MBA),
Fullstack App Development,git
Marketing Analysis,digital marketing;excel;social media marketing
Tech Sales,
"Imaging And Code Development Using IMX477, Rasp Pi Module",git
VoIP Systems Management,
Node Website Development & Payment Gateway Integration,css;git;html;javascript;node.js
Cyber Security Assistance,
Commodities Exchange,
Finance Management,accounting;excel;financial analysis
Social Media Management & Graphic Design,digital marketing;figma;graphic design;social media marketing;ui/ux design
Equity Analytics,
Finance Research,accounting;excel;financial analysis
Apparel Design,figma;graphic design;ui/ux design
Food Photography,
E-commerce,
SEO And Content Writing,seo
Program Coordination,
Operations Assistance,
Lead Generation - Whatsapp Group Scraping,
Sales And Operations,
Growth Marketing,digital marketing;excel;social media marketing
Business Growth,
Admission Lead Management,
Growth And Strategy Management,
Regional Marketing,digital marketing;excel;social media marketing
Operations & Business Development,git
Outreach Management,
Computer Vision,
Fashion Cum Merchandising Design,figma;graphic design;ui/ux design
Office Administration,
Creative Training,deep learning;graphic design;machine learning;nlp;python;tensorflow
Client Servicing & Team Coordination,
DevOps,aws;azure;docker;git
Performance Sales,
General Management And Marketing,digital marketing;excel;social media marketing
Customer Acquisition,
Team Leading (Sales),
Strategic Leading,
Lead Management,
Merchandising,
VBA Excel Programming (Algorithmic Trading),git
Blog Writing (SEO-Optimized),seo
ERP Functional Operations,
Design & Fabrication,figma;graphic design;ui/ux design
Social Media Associate,digital marketing;social media marketing
Market Sales,
Content Writing (Gaming),
Reel Creation,
Interior Design/Architect,figma;graphic design;ui/ux design
Real Time Sales,
Finance Ops,accounting;excel;financial analysis
Financial Analyst,accounting;financial analysis
QA Testing,
Influencer Management and Social Media Marketing,digital marketing;excel;social media marketing
Game Development (Unity/ Unreal),c++;git
Script Writing/Storytelling,
"Video Editing, Motion Graphics And VFX",
Voice-Over Video Editing,
Human Resources/Operations,
"Sales, Marketing & PR",digital marketing;excel;social media marketing
Travel Consultant,
Acting,
Business Development (Lead Generation),git
Personal Branding,
Growth And Social Media Marketing,digital marketing;excel;social media marketing
YouTube Editing,
Shopify Web Development,css;git;html;javascript;react
E-Commerce Catalog Management,
Photography & Videography,
Reels & Content Creation,
Subject Matter Expert (Inorganic Chemistry),
Subject Matter Expert (Statistics),
Amazon Account Management,
Graphic Design And Game Design,figma;graphic design;ui/ux design
HR - BD,
One-to-One Teaching (JEE Subjects),
Social Media Marketing (Design Background And Video Editing),digital marketing;excel;figma;graphic design;social media marketing;ui/ux design
Digital Marketing - Instagram Marketing,digital marketing;excel;social media marketing
Cash On Delivery Customer Operations,
Anchoring,
React.js Development,git;javascript;react
Social Media Content,digital marketing;social media marketing
SME(Mathematics And Latex),
Logistics,
Client Platform Support,
Lead Closing,
Content Operations,
SSC Creative Content Curation,graphic design
"Setup Of Zoho CRM , Desk , Forms",
Digital Sales,
Business Development & Operations,git
Jewellery Design,figma;graphic design;ui/ux design
Content Video Editing,
Digital Marketing - SEM & PPC,digital marketing;excel;social media marketing
Video Cut,
Associate Consultant,
Assistance,
Software Development Engineering (Web),css;git;html
Prompt Engineering,
College Question Solving (Remote),
Instagram Page Management,
JavaScript Development,git;java;javascript
UX Research,figma;ui/ux design
LinkedIn Management,
AWS Development,aws;git
Market Research (Sustainable Finance),accounting;deep learning;excel;financial analysis;machine learning;nlp;python;tensorflow
Graphic And Visual Design,figma;graphic design;ui/ux design
Creative Content Writing,graphic design
Content Development (Mathematics),git
Copy Editing,
Immigration Intern,
SME Accounitng QC,
Full-stack Data Engineering,
Finance Analytics,accounting;excel;financial analysis
DevOps Engineering,aws;azure;docker;git
HR/Back Office/Talent Acquisition/Teleconference Calling,
Photo & Video Editing,
Marketing And Content Strategy,digital marketing;excel;social media marketing
Executive Assist To Co-founder,
Virtual Office Assistance,
Derivative Trading,
Store Fashion Consultant,
Recruitment Data Science,machine learning;pandas;python
Behavioral Data Science,machine learning;pandas;python
Data Science Analytics,machine learning;pandas;python
Backend Development (Python),docker;git;java;node.js;pandas;python
Website Development & SEO,css;git;html;seo
Web3 Development,css;git;html
AppSheet App Development,git
Event Innovation,
SUSTAINABILITY MANAGEMENT,deep learning;machine learning;nlp;python;tensorflow
Post/Reel Creation - Social Media,digital marketing;social media marketing
Tax And Legal,
Garment Merchandising,
Webflow Development,css;git;html
Linkedin Managment,
Project Management & Delivery Management,
Election Research,
Civil Engineering SME,
Event Hosting/Emcee,
Hiring Development,git
Market Survey Research & Service Assurance,
YouTube Vlogging,
Reels Creations,
Game Development,c++;git
Ads Designing & Creation (Reels & Videos),figma;graphic design;ui/ux design
Back Office Operations,
Project Assistance - Operations,
Creative Video Making,graphic design
IT Support,
Recruiting,
Trending Content Research & Writing (For Instagram & Youtube),
Office Admin & HR,
Social Media Marketing And Graphics,digital marketing;excel;social media marketing
Architecture/Interior Design,figma;graphic design;ui/ux design
Training & Support,deep learning;machine learning;nlp;python;tensorflow
Psychology (Business Development),git
Software Testing,git
Doubt Solving Experts (Physics),
Human Resources (HR) & Marketing,digital marketing;excel;social media marketing
International Refugee And Migrant Rights Operations,
Esports Operations,
Tele-Marketing,digital marketing;excel;social media marketing
Flutter App Development (iOS App),git
Anchoring & Voice Over,
Multimedia Design,figma;graphic design;ui/ux design
C# -DotNetCore Web Development,css;git;html;javascript;react
Robot Operating System Development (ROS2),git
Social Media Strategist,digital marketing;social media marketing
Resume Writing,
Reel Creation (from East India),
Reel Creation (from West India),
Client Service And Sales,
WordPress (Elementor) & Shopify Web Development,css;git;html;javascript;react
"Face Recognition System, Computer Vision, & AI",deep learning;machine learning;nlp;python;tensorflow
Operations (Field Role),
Program Coordinator,
Web Development (Python/Django),css;git;html;javascript;pandas;python;react
Manual Data Entry And Analysis,
Assistant To The Founder,
Telecalling & Sales Coordination (Fintech Lending),
Graphic Designer,figma;graphic design;ui/ux design
Telecalling & Business Development (US),git
Business Development (B2B Sales),git
Social Media Brand Ambassador,digital marketing;social media marketing
Short Form Video Editing For Instagram Reels,
Learning Operations Maverick,
React-Native Development,git;javascript;react
Content Creation & Social Media Marketing (A Pet Care Brand),digital marketing;excel;social media marketing
Data Engineering,
Financial And Advertising,accounting;financial analysis
Video/Audio Editing,
Social Sector Marketing,digital marketing;excel;social media marketing
Operations (TorchBearer),
Project Management (Sales And Marketing),digital marketing;excel;social media marketing
Investment Analysis (Capital Market),financial analysis
Business Analyst (Technical),excel;sql
Business Analyst (Marketing),digital marketing;excel;social media marketing;sql
Foreign Exchange Market,
C++ Development,c++;git
Sales Coordination,
Doubt Solving (Chemistry),
AI Fullstack Developer,deep learning;git;machine learning;nlp;python;tensorflow
Equity Research Analysis,
Financial Market,accounting;financial analysis
Content Writing (WWE),
Actress (For Social Media Post Creation),digital marketing;social media marketing
Film Making - Art Gallery,
AI Developer,deep learning;git;machine learning;nlp;python;tensorflow
Teaching Volunteer,
E-commerce Order Management,
Basketball Content Writing,
Accounting & MIS,accounting;excel;financial analysis
Marketing Project,digital marketing;excel;social media marketing
News Writing- Indian Stock Market,
Virtual Assistance,
Office Executive/Merchandising,
Building Information Modelling,
Field Promotion,
International Sales & Marketing (E-Commerce),digital marketing;excel;social media marketing
Angular Development,git
React Native Mobile Application Full Stack Development IOS,css;git;html;javascript;node.js;react
Learning Advisor- Inside Sales,
Equity Analyst,
"Stock Market Operations, Research, Data Analysis & Marketing",digital marketing;excel;pandas;social media marketing;sql
Investment,financial analysis
Admin Assistance,
Architecture & Design Consultancy Services,figma;graphic design;ui/ux design
Founder's Office,
Business Development (Marketing & Sales),digital marketing;excel;git;social media marketing
Software Development (Node.js),git;javascript;node.js
Content Development For YouTube & Instagram,git
Growth Product Management,
Content Editing,
Podcast Editing,
Business Development (Marketing),digital marketing;excel;git;social media marketing
Tele Sale,
Management (Digital),
Software Development (ReactJS),git;javascript;react
Instagram Marketing,digital marketing;excel;social media marketing
Full Stack React Development,css;git;html;javascript;node.js;react
Quantitative Analytics,
Mathematics Video Solutions (English),
Physics Video Solutions (English),
Social Media Marketing (Instagram),digital marketing;excel;social media marketing
Maths,
React JS Development,git;javascript;react
Artificial Intelligence (AI) - Subject Matter Expert,deep learning;machine learning;nlp;python;tensorflow
Informative Reel Creation,
Software Engineering,git
Facebook Marketing,digital marketing;excel;social media marketing
Subject Matter Expert (Accounts),
Telesales Specialization,
Piano Teaching,
Flutter App Development,git
Robotics,
E-commerce Marketplace Management,
Research (Economics & Data Analysis),pandas;sql
.NET Development,git
General Management (Founder's Office),
Customer Engagement,
Factory Operations,
Fashion Design & Merchandising,figma;graphic design;ui/ux design
Audio Making/Editing & Digital Marketing,digital marketing;excel;social media marketing
Flutter Development - Build Innovative Educational Apps,git
"Game Development, AR/VR",c++;git
HR Associate,
Hospitality,
IT Technical Recruitment,
Electronics (Embedded And Analog),c++
Subject Matter Expert (Geography & Economics),
Brand Partnerships,
Tutoring (For Entrance Coaching For Design Colleges In India),figma;graphic design;ui/ux design
PTV Visum / Vissim Modeler,
Subject Matter Expert (SME) Finance,accounting;excel;financial analysis
Subject Matter Expert (SME) Statistics & Probability,
PHP And WordPress Web Development,css;git;html;javascript;react
Subject Matter Expert (Biology),
Branding,
Subject Matter Expert (Computer Science),
Sales (Travel & Tourism),
Subject Matter Expert (SME) Accounting,accounting;excel;financial analysis
Retail Marketing,deep learning;digital marketing;excel;machine learning;nlp;python;social media marketing;tensorflow
Platform Growth,
Wealth Management,
Subject Matter Expert (Physics/Advanced Physics),
Architecture and Interior Design,figma;graphic design;ui/ux design
School Counseling,
HR Business Partner - Talent Acquisition,
Video Creation (from North India),
Reel Making (from South India),
Graphic Design & Instagram Handling,figma;graphic design;ui/ux design
Technical Content Writer,
Photography & Filmmaking,
Machine Learning Developer (Python),git;machine learning;pandas;python;tensorflow
Node.js Developer,git;javascript;node.js
Data Analytics & Backtesting,
Software Development Engineer,git
Web Design/Development,css;figma;git;graphic design;html;ui/ux design
Technical Presentation & Graphic Design,figma;graphic design;ui/ux design
Creative Writing - Screenplay,graphic design
Independent Sales,
Webflow Design,css;figma;git;graphic design;html;ui/ux design
PHP Front End Development,git
Full Stack Development - MERN (ReactJS + NodeJS),css;git;html;javascript;node.js;react
Subject Matter Expert (PCMB),
Customer Service Engineering (IT),
Web Development Teaching Assistance (Virtual),css;git;html;javascript;react
Blog Writing,
SQL Development,git;sql
Content Writing (Technology),
Content Publishing,
Software Engineer - Internship,git
Director's Assistant,
Social Media Marketing Influencer,digital marketing;excel;social media marketing
Algo Trading Backtest Development,git
Real Time Doubt Solving (SME),
Machine Learning Engineering,machine learning;python;tensorflow
Graphic Design And Web Development,css;figma;git;graphic design;html;javascript;react;ui/ux design
IT Business Development,git
Problem Setter,
Google Ads,
Operations (Virtual Assistant),
Crowdfunding/Fundraising,deep learning;machine learning;nlp;python;tensorflow
Social Sector Blog Content Writing,
Online Western Vocals Tutoring,
Online CBSE Arabic Tutoring,
Customer Service & Sales,
Content Writing (On WordPress),
Full Stack Developer,css;git;html;javascript;node.js;react
Legal Associate,
Graphic Design (T-shirt & Hoodie Design),figma;graphic design;ui/ux design
Digital & Social Media Marketing,digital marketing;excel;social media marketing
Trainee Recruitment,deep learning;machine learning;nlp;python;tensorflow
Graphic Design & Computer Operation,figma;graphic design;ui/ux design
Marketing & Communication,digital marketing;excel;social media marketing
Social Research Data Collection,
YouTube Content Strategy And Business Development (Kannada),git
Social Media & Content Management (Video Editing),digital marketing;social media marketing
Subject Matter Expert (Social Science Or Journalism),
Graphic Design & Video Editing,figma;graphic design;ui/ux design
Lead Generation (LinkedIn),
News Desk &Social Media Management,digital marketing;social media marketing
Administration & Social Media,digital marketing;social media marketing
Data Engineering/Big Data Development & Testing,git
Event Assistance,
Content Creation (Culinary),
Program Managment,
Coding And Robotics,
Social Media Marketing (Influencing),digital marketing;excel;social media marketing
Project coordination,
Finance & Accounts,accounting;excel;financial analysis
Translation/Transcription/Recording,
Administration & Communications Coordination,
Video Content Creator (Spoken English) And English Language Instructor,
Shopify Website Management & Social Media,css;digital marketing;git;html;social media marketing
Content Writing/Product Management,
Marketing Coordination (Telecalling),digital marketing;excel;social media marketing
API Deployment,
Enterprise Risk Management,
Agriculture & Food Management,
Graphic Design / Motion Graphics,figma;graphic design;ui/ux design
Investment intern,financial analysis
Data Mining,
Business Strategy,
Subject Matter Expert (Video Solution),
YouTube Video And Reels Editing,
Front End Operator,
MIS Executive,
Statistics,
Applications For Data Entry (Content Writing) Internship,
Web Development & Digital Marketing,css;digital marketing;excel;git;html;javascript;react;social media marketing
Product Support Engineering,
Python And Java Machine Learning (OpenAI GPT),deep learning;java;machine learning;nlp;pandas;python;tensorflow
Business Development Intern (IT Sales),git
Website or WordPress Development,css;git;html
Child Psychology,
Social Media Marketing & Lead Generation,digital marketing;excel;social media marketing
Script Review,
Film And Video Editing,
Chemistry/Statistics - Subject Matter Expert,
Facebook Ad Management,
Food Science,
Algorithm Development,git
Web And Mobile App Development,css;git;html
Office Admin,
Multimedia Production,
Product Development And Procurement,git
Trial Booking Pre-Sales,
AWS DevOps Engineer,aws;azure;docker;git
Frontend Development,css;git;html;javascript;react
YouTube Content Creation,
Design & Portfolio Management,figma;graphic design;ui/ux design
"Web Development (HTML, CSS)",css;git;html;javascript;machine learning;react
Deals Management,
E-commerce Associate,
Entrepreneurship,
Robot Design & Construction,figma;graphic design;ui/ux design
Swift Development,git
Quality Analysis & Quality Control,
Content Writing & Reviewing,
Core PHP & Laravel Development,git
Mathematics Content Development,git
Academic Counseling (Telecalling),
PHP/Zoho Development,git
Fintech Java Dev,java
Office Assistance (Travel Firm),
Graphic Design (iPad Art),figma;graphic design;ui/ux design
Subject Matter Expert (SME) (English),
AI Psychology,deep learning;machine learning;nlp;python;tensorflow
Business Innovation,
Social Media Management & Content Writing,digital marketing;social media marketing
C++ Developer,c++;git
Operations Management,
Content Writing (eSports),
Blogging,
Optoelectronics,
"Trainer - HTML, CSS, JS, Bootstrap",deep learning;machine learning;nlp;python;tensorflow
Cosmetology SME,
News Reporting,
Teaching Robotics,
Social Media & Business Development,digital marketing;git;social media marketing
SEO And Website Optimization,css;git;html;seo
Ghost Writing,
Node.js Development (Backend),docker;git;java;javascript;node.js
Young CEO Curriculum Innovation,
Applied Psychology,
Python (Django) Development,git;pandas;python
Training Coordination,deep learning;machine learning;nlp;python;tensorflow
Flutter Mobile App Development,git
Medical Licensing Exams Blog Writing,
Customers Management,
Content Writing & Creation,
Academic Content Development (English Grammar & Science),git
Thumbnail Making,deep learning;machine learning;nlp;python;tensorflow
Gaming Video Editing,
Multimedia Graphic Design,figma;graphic design;ui/ux design
Cafe Management,
Baking,
Non IT Recruitment,
Agronomy,
Cameraman,
UI/UX Development,figma;git;ui/ux design
Operations (E-Commerce),
Graphic Design & Reel Editing,figma;graphic design;ui/ux design
Computer Vision - Annotation,
Lead Generaion,deep learning;machine learning;nlp;python;tensorflow
Accounting & Taxation,accounting;excel;financial analysis
Lead Generation From LinkedIn,
Odoo Development,git
Technology Research,
Content Creation For UK Curriculum,
Embedded/ IoT Systems Development,c++;git
Legal & Compliance,
Research Analytics (Artificial Intelligence),deep learning;machine learning;nlp;python;tensorflow
Field Promotion For Events,
Pre-sales,
Architecture - females required,
Biotechnology Engineering,
Algo Trading,
Web Design,css;figma;git;graphic design;html;ui/ux design
Game Design,figma;graphic design;ui/ux design
Business Consulting,
NGO Partnership,
Robotics Software,git
Subject Matter Expert (English),
Telecalling (Sales & Marketing),digital marketing;excel;social media marketing
Customer Success Management,
Competitors Research,
Business Research Analytics & Writing – Web3 And Digital,css;git;html
Reel Creations,
Marketing (B2B),digital marketing;excel;social media marketing
Brand Ambassador,
Search Engine Optimization/Marketing,digital marketing;excel;seo;social media marketing
Export Merchandising,
Marketing Research,digital marketing;excel;social media marketing
Market Research For Lead Generation– APAC Region,
Digital Marketing And Backend Work,digital marketing;docker;excel;java;node.js;social media marketing
Content & Video Creation,
Operations & Strategy,
Design Management,figma;graphic design;ui/ux design
UI/UX / Graphic Design,figma;graphic design;ui/ux design
Event Management & Social Media,digital marketing;social media marketing
Marketing And Lead Generation,digital marketing;excel;social media marketing
Personal Brand Management (Strategy),
Batch Operations,
Digital Marketing And Sales,digital marketing;excel;social media marketing
Python/Flask Development,git;pandas;python
Warehouse Management,
Voice Over Artist,
Digital Marketing And WordPress,digital marketing;excel;social media marketing
Digital Marketing And Support Executive,digital marketing;excel;social media marketing
Content And Copywriting,
Business Development (Work From Home),git
Kannada Known CBSE Maths Tutoring,
Business Relationship Management,
Impact Leading,
Facebook Ads,
Appsheet & MIS,
Sales Development Representation,git
Auditing & Accounting,accounting;excel;financial analysis
Web Content Writing,css;git;html
Illustration & UI Design,figma;graphic design;ui/ux design
Motion Graphic Design,figma;graphic design;ui/ux design
Graphic Design & Brand Identity,figma;graphic design;ui/ux design
Finance/Accounting,accounting;excel;financial analysis
Remote Sales,
Motion Graphics/2D Isometric Animation,
Unreal Engine Level Design,figma;graphic design;ui/ux design
Fashion Influencing,
CS Management,
Data Entry - Hindi / Punjabi Lyrics And Story Typing,
Public Relations (PR),
SaaS Marketing,digital marketing;excel;social media marketing
Media Planning,
Business Development (Telesales),git
NodeJS Development,git;javascript;node.js
Web Development - Full Stack Developer,css;git;html;javascript;node.js;react
Financial Analytics (Equity/Equity Derivative/VDA),accounting;financial analysis
Business Development Executive,git
PLC Programming,git
Website Handling And Product Listing,css;git;html
Center Management,
Communication,
Content Writing And Video Editing,
Field Executive,
Embedded Software Engineering,c++;git
Digital Marketing (Ad Sales),digital marketing;excel;social media marketing
Industrial 3D Printing And Product Design,figma;graphic design;ui/ux design
Operations Analyst (Founder's Office),
Embedded Software Development,c++;git
SEO Backlinks,seo
Html/Xml Operations,machine learning
Data Operation,
Content Writing And Publishing On News Sites,
Social Media Video Creator And Marketing,digital marketing;excel;social media marketing
Retail Sales,deep learning;machine learning;nlp;python;tensorflow
Office Coordination,
Youth Fellowship - For Girls,
AI Automation Workflow,deep learning;machine learning;nlp;python;tensorflow
ERP And Supply Chain Management,deep learning;machine learning;nlp;python;tensorflow
Talent Acquisition And HR,
Content Management And Operations,
Event Management & Operations(Activities & Contests For Schools),
Business Development (sales) Real Estate,git
Marketing Communications,digital marketing;excel;social media marketing
Supply Chain Management And Sourcing,deep learning;machine learning;nlp;python;tensorflow
Sales - Fitness And Training Consultancy,deep learning;machine learning;nlp;python;tensorflow
SEO Blogging,seo
Artist Management,
Clothing Design,figma;graphic design;ui/ux design
Securities And Asset Analysis,
Business Development - IT Sales,git
Customer Onboarding And Training,deep learning;machine learning;nlp;python;tensorflow
Digital Marketing & Content Creation,digital marketing;excel;social media marketing
Subject Matter Expert (Physics/Chemistry/Statistics),
PCB Designing,figma;graphic design;ui/ux design
Illustration,
Environment Design (Unreal Engine 5),figma;graphic design;ui/ux design
Game Design (Unreal Engine 5),figma;graphic design;ui/ux design
3D Modelling & Texturing For Game Asset (Blender/Maya/Substance Painter),deep learning;machine learning;nlp;python;tensorflow
"News Anchoring( Tech, Politics, Health, Career)(YouTube - Hindi)",
Volunteer Community Moderation,
Content Creation (Machine Learning And Data Science),machine learning;pandas;python;tensorflow
Medical/Health Writing,
Content Writing - Education,
Social Media Marketing And Graphic Design,digital marketing;excel;figma;graphic design;social media marketing;ui/ux design
Social Impact,
Travel And Tourism,
React Native,javascript;react
Campaign Support,deep learning;machine learning;nlp;python;tensorflow
Youth Connective,
Graphic Concept Artificial Intelligence (AI),deep learning;machine learning;nlp;python;tensorflow
Admissions Advisor,
Content Writing And Social Media,digital marketing;social media marketing
Gaming Illustration,
Digital Marketing and Content Writing,digital marketing;excel;social media marketing
3D Animation And VFX Unreal Engine,
Sales And Business Development,git
PHP Web Development,css;git;html;javascript;react
Management (Entrepreneurship),
Literature & Aesthetics Fellowship,
Corporate Finance,accounting;excel;financial analysis
Pre-Sales Operations,
Subject Matter Expert (SME) Bengali Medium,
I.T. Service Automation Coordination,python
Competitive Analysis,
Market Analysis,
GIS Analysis,
Digital Marketing (Sports),digital marketing;excel;social media marketing
Subject Matter Expert (Sanskrit),
Strategic Partnerships,
Video Editing And Content Creation,
Business Development Executive (Carbon Markets),git
Annotation,
Brand Design & Illustration,figma;graphic design;ui/ux design
Business Development Analyst (Marketing),digital marketing;excel;git;social media marketing
Operations & Research,
Founders Office - Organization,
Design And Visuals,figma;graphic design;ui/ux design
"Marketing, Content & E-Commerce Management",digital marketing;excel;social media marketing
Interior Design (6-month),figma;graphic design;ui/ux design
Counselling Sessions With Children,
Content & Digital Marketing,digital marketing;excel;social media marketing
Reels and Content Creation,
No-Code Development,git
Generative AI App Development,deep learning;git;machine learning;nlp;python;tensorflow
Content Creating And Social Media Management,digital marketing;social media marketing
Creative Ideation,graphic design
Customer Care Executive,
HR Consultancy/HR Recruitment/Telecalling,
Korean Teaching,
Planning And Logistics,
Content Writer,
Academic Content Writing (Statistics),
Content Creation (Mechanical And CSE),
Content Creation (Civil And Electrical Engineering),
Photo Editing And Video Editing,
Baking Operations,
Accessory & Product Design,figma;graphic design;ui/ux design
Research - CSR,
Field Studies (On field research),
Content Repurposing Managing,
Executive Assistance to the CEO,
Shopify Development & Design,figma;git;graphic design;ui/ux design
Telecalling (IT Sales),
Competitor Research,
Photography/Videography,
Subject Matter Expert (Accounts/Finance),accounting;excel;financial analysis
Video Presenting,
Informative Reel Script Writing,
Inventory Audit,
Market Research - Healthcare,
Software Development (JavaScript/Node.js),git;java;javascript;node.js
Sales (Events & Experience),
Mechanical Design Engineering,figma;graphic design;ui/ux design
Research Analyst (Commercial Property),
Electronics And Communication,
Graduate Science Trainee,deep learning;machine learning;nlp;python;tensorflow
Shopify Website Development,css;git;html
Farm Advisory (Agriculture)- Kannada & Marathi,
Quality Testing,
Back Office Executive (Female),
Fashion Styling,
SEO Executive,seo
Search Engine Optimization (SEO Consultant),seo
Social Psycohology,
Data Entry Operations,
International Operations,
Android IOS Mobile App Development,git;java
Thumbnail Design/Content Creation & Video Editing,deep learning;figma;graphic design;machine learning;nlp;python;tensorflow;ui/ux design
Subject Matter Expert (Basic Mathematics),
Shopify Development,git
Content Writing (Food),
Mass Communication And Journalism,
Executive Assistant (Founder's Office),
Front End Development (React JS),git;javascript;react
Artificial Neural Networks,deep learning
Event Concept,
Stock Market Trading,
YouTube Video Editing,
Video Editing and Graphic Designing,figma;graphic design;ui/ux design
Video Editing/Content Editing,
Anchor/Multimedia Production (Video Content Creation),
Vietnamese Translation,
Convolution Neural Network,deep learning
Business Development (Social Media),digital marketing;git;social media marketing
Shopify Store Design & Management,figma;graphic design;ui/ux design
Office Executive,
Cloud Computing,aws;azure;docker
HR Corporate Relations,
Content Moderation,
Facеbook Advеrtising,
Research (Education And AI),deep learning;machine learning;nlp;python;tensorflow
Advertising Sales,
Graphic Design/UI Design,figma;graphic design;ui/ux design
Graphic Design And Content Writing,figma;graphic design;ui/ux design
Teaching- Physical Education,
Video Making/Editing (Reels & Shorts),
Game Design And Development,figma;git;graphic design;ui/ux design
Growth Specialist,
Tailoring,deep learning;machine learning;nlp;python;tensorflow
Program & Outreach,
Facebook And Google Ads Marketing,digital marketing;excel;social media marketing
Administrative Support,
Project Assistance,
Video/Graphic Editing,
Web App Development (Zoho Creator),css;git;html
Electrical R&D,
Student Payment Coordination,
HR And Marketing,digital marketing;excel;social media marketing
Junior Accountancy,
Technical Support,
WordPress Development & SEO Management,git;seo
Mechanical Design (Engineering Support),figma;graphic design;ui/ux design
Assamese Shape Tool,
Recruitment (HR),
Business Development Associate,git
Project Assistant (Management/ Monitoring),
Tshirt Design,figma;graphic design;ui/ux design
Packaging,
Media & YouTube,
Digital Marketing (Female),digital marketing;excel;social media marketing
Presales,
Pre Sales,
Editorial For Podcast Programme,
HR-Business Development,git
SAT Tutoring - English/Mathematics,
Purchase Executive,
Business Coordination,
SEO/Performance Marketing/Content,digital marketing;excel;seo;social media marketing
Data Research,
Project Management (Edtech Industry),
ASP.net Development (Portal Development And Modification),git
Marketplace Associate,
GPT Model Development,git
Architecture & Interior Design,figma;graphic design;ui/ux design
Content Calendar Designing,figma;graphic design;ui/ux design
Image Processing - Machine Learning,machine learning;python;tensorflow
English Content Writing,
Business Strategy And Sales,
Social Media Marketing (Virtual Assistant),digital marketing;excel;social media marketing
Field Coordination,
SEO and Digital Marketing,digital marketing;excel;seo;social media marketing
Business Development Research,git
Outreach And Marketing,digital marketing;excel;social media marketing
Fashion Consulting & Social Media Handling,digital marketing;social media marketing
Brand Assistance,
Business Development - Digital Marketing,digital marketing;excel;git;social media marketing
IT Management For Product,
Infographics,
Engagement Specialist,
Artificial Intelligence (AI) Engineering,deep learning;machine learning;nlp;python;tensorflow
Marketing And Operations,digital marketing;excel;social media marketing
Embedded Hardware Engineering,c++
Web Engineering,css;git;html
Graphic Design/Social Media Management,digital marketing;figma;graphic design;social media marketing;ui/ux design
Street Interview Reels Creator,
DSA+MERN Stack Mentoring,
Python/ML Development,git;machine learning;pandas;python
Graphic Design/Illustration,figma;graphic design;ui/ux design
Embedded Systems Teaching For School Students (8th To 11th Standard),c++
Business Associate - Research And Analysis,
Webflow Web Development,css;git;html;javascript;react
Social Media Marketing/Strategy,digital marketing;excel;social media marketing
AI - Customer Experience & Sales Automation,deep learning;machine learning;nlp;python;tensorflow
VR Development,git
Digital Marketing And Research,digital marketing;excel;social media marketing
Supervision,
"Electronics, Electrical, Mechanical & Instrumentation Engineering",
Instrumentation and Control Engineering,
Audio Verification (Hindi/Telugu),
CA Articleship,
City Tour Guide (English/Spanish),
Architect,
React Native App Development,git;javascript;react
Media And Mass Communication,
Facebook Advertising,
HR - Recruitment,
Content Writing In All The Languages.,
2D Animation (Hindi),
Social Media Managementsoc,digital marketing;social media marketing
Embedded Web And Mobile Development,c++;css;git;html
Digital Marketing And Advertising,digital marketing;excel;social media marketing
Promotions,
SME - Physics,
SME - Economics,
SME - Statistics,
SME - Accountancy,
SME - Chemistry (Graduation),
News/ Interview Anchoring,
Paid Media,deep learning;machine learning;nlp;python;tensorflow
Digital Marketing & Graphic Design,digital marketing;excel;figma;graphic design;social media marketing;ui/ux design
Application Engineering - 3D Printing,
Dance Teaching,
Graphic Design For Podcast Cover,figma;graphic design;ui/ux design
Communication Trainer,deep learning;machine learning;nlp;python;tensorflow
Political Research Analysis,
Sales Development,git
E Commerce Executive,
Business Development (Corporate Gifting),git
Social Media Marketing And User Engagement,digital marketing;excel;social media marketing
"Content Writing, Catalogue Creation And Digital Marketing",digital marketing;excel;social media marketing
Customer Success Associate,
Recruitment (Non-IT),
Mobile App Development(Flutter Preferably Ios Experts),git
Business Development Representative,git
Business Development Champion,git
Content Writing - Spanish,
Human Resources (HR) - Recruitment,
Growth,
Content Writing & Publishing,
Website Content Management,css;git;html
Script Writing,
Nutrition Research And New Product Development,git
Web Development & Design,css;figma;git;graphic design;html;javascript;react;ui/ux design
Web And Graphic Design,css;figma;git;graphic design;html;ui/ux design
Reservations,
2D/3D Animation,
Motion Graphic,
Lead Development,git
Content And E-Commerce Management,
Talent Scouting,
Founder's Office | SaaS Product | Product Management,
AWS Node.js Lambda Development,aws;git;javascript;node.js
Journalism & Mass Communication,
Product Marketing And E-Commerce Operations,digital marketing;excel;social media marketing
Accounting And Taxation,accounting;excel;financial analysis
Business And Project Management,
Employee Engagement,
Robotics Education,
Figma Design,figma;graphic design;ui/ux design
Computer Operations Cum Office Administration,
Cloud/DevOps Engineering,aws;azure;docker;git
Content Specialist AI,deep learning;machine learning;nlp;python;tensorflow
Tutoring,
Social Work Operations,
TorchBearer Program Administration,
Business Development (People Partnerships),git
Team Administration,
Social & Digital Volunteering,
Psychology (Growth),
HR/Talent Acquisition,
Office Mangement,
Quality Assurance (Software Usability And Data),git
SEO And Social Media Marketing,digital marketing;excel;seo;social media marketing
Podcast Communications Management,
Engineering Design,figma;graphic design;ui/ux design
Delegate Registration And Coordination,
Office Assistant,
Food Technology & Operations,
Compliance / CS,
Motion Graphics Design And Video Editing,figma;graphic design;ui/ux design
Ecommerce Listing Support,
Program Management (Torch Bearer),
Online Teaching,
Social Wellbeing Research,
B2C Sales,
React - Python Development,git;javascript;pandas;python;react
Onboarding,
Accounts & Finance,accounting;excel;financial analysis
SEO (Off Page),seo
Talent Acquisition - Sourcing,
Embedded Software/Hardware DevelopeMENT,c++;git
Chartered Financial Analytics (Level-1),accounting;financial analysis
AI Research & Engineering,deep learning;machine learning;nlp;python;tensorflow
Industrial Automation And Electrical And Electronics Tech Support Engineering,python
Content & Copy Writing,
Reel Script Writing,
Frontend & WordPress Development,css;git;html;javascript;react
Admissions Counselling,
Teaching- Mathematics (Class 9),
Simulation Development And Testing,git
Creative Design - Video Editing & Graphic Design,figma;graphic design;ui/ux design
14 Days Virtual Charity Drive,
English (Teaching),
E-Commerce Management,
Operations And Customer Support,
Marketing (Social Media And LinkedIn),digital marketing;excel;social media marketing
Data Collection - HR Project,
Social Media Marketing - Interior Design,digital marketing;excel;figma;graphic design;social media marketing;ui/ux design
Management Trainee - Client Strategy,deep learning;machine learning;nlp;python;tensorflow
Founder' Office,
Placement Executive,
Jounalism,
Project Management Trainee,deep learning;machine learning;nlp;python;tensorflow
Maths Teacher For British Curriculum AQA/Edexcel/Cambridge And IB,
Community Management (Dumsharas Game),
Online Game Hosting,
AI Prompting,deep learning;machine learning;nlp;python;tensorflow
Full Stack Development - MERN (React + Node),css;git;html;javascript;node.js;react
Algorithmic Trading Infrastructure Development,git
Business Development (IT Sales),git
Business & Market Research,
3D Texturing Artist,
Subject Matter Expert (SME) - Chemistry,
Software Sales,git
Flutter Flow Development,git
Event Management- Expo Attending,
PCB Design,figma;graphic design;ui/ux design
Python Web Scraping,css;git;html;pandas;python
Zoho Development,git
Digital Marketing ( LinkedIn Marketing),digital marketing;excel;social media marketing
Culinary Expert,
Customer Support- (English & Bengali),
Graphic Design & Social Media Management,digital marketing;figma;graphic design;social media marketing;ui/ux design
Video Post-Production,
Subject Matter Expert (SME) - Verbal Ability,
Social Media Marketing And Handling,digital marketing;excel;social media marketing
Early Childhood Development,git
Educational Counseling,
Baby Photography,
Call Center (English),
Health Insurance,
Front End Engineering (Mobile & Web App Development),css;git;html
App Development,git
Talent Executive,
Graphic Design (Photoshop),figma;graphic design;ui/ux design
Digital Marketing And Lead Generation,digital marketing;excel;social media marketing
Modeling Management,
Email Marketing Expert,deep learning;digital marketing;excel;machine learning;nlp;python;social media marketing;tensorflow
Academic Writing (Technical),
Hindi Dubbing Voice Artist,
Live Doubt Solving,
Academic Research Writing,
Finance (Accounting & Taxation) And Human Resources (HR),accounting;excel;financial analysis
YouTube/Instagram Video Creation/Edition,
Photography & Social Media Content Creation,digital marketing;social media marketing
Textile/Fashion Design/Material Science & Fabrication,figma;graphic design;ui/ux design
Social Media Management And Creatives Design,digital marketing;figma;graphic design;social media marketing;ui/ux design
After Effects Editing,
ERP Development & Digital Marketing,digital marketing;excel;git;social media marketing
Technical Writing,
Video Editing & Motion Graphics,
Next JS Development,git
Research & Development,git
Online Tamil CBSE English Tutoring,
Social Media Creative Design,digital marketing;figma;graphic design;social media marketing;ui/ux design
Online Telugu CBSE Chemistry Tutoring,
Online Malayalam CBSE Science Tutoring,
Online Tamil Hindi Tutoring,
Online Malayalam CBSE Hindi Tutoring,
Online Malayalam CBSE Mathematics Tutoring,
Online Tamil Known Math Tutoring,
Online Malayalam CBSE Physics Tutoring,
Online Tamil CBSE Physics Tutoring,
Online Tamil CBSE Biology Tutoring,
Online Malayalam CBSE Biology Tutoring,
Online Malayalam CBSE English Tutoring,
Online Telugu CBSE English Tutoring,
Online Telugu CBSE Biology Tutoring,
Online Tamil CBSE Chemistry Tutoring,
Online Malayalam CBSE Chemistry Tutoring,
Podcast Growth Catalysis,
Product Media Management,
Reels Making,
Product Listing,
Online Telugu CBSE Physics Tutoring,
Market Reserach,
Montessori Training,deep learning;machine learning;nlp;python;tensorflow
Online Telugu CBSE Science Tutoring,
Dietetics/Nutrition,
LinkedIn Content Writing,
Digital Marketing Trainee,deep learning;digital marketing;excel;machine learning;nlp;python;social media marketing;tensorflow
Online Telugu CBSE Math Tutoring,
Travel Blog Writing,
UI/UX And Webflow Development,css;figma;git;html;ui/ux design
Content Writing (Gaming: PC/Console),
HR Executive,
Social Media Management and Content Creation,digital marketing;social media marketing
Event Coordination & Anchoring,
"Digital Marketing (Facebook Ads, SEO & SMM)",digital marketing;excel;seo;social media marketing
Career Charge Student Partner,
Unity Development,git
Operations - Video KYC Verification,
Apparel Designing,figma;graphic design;ui/ux design
Web & Graphic Design,css;figma;git;graphic design;html;ui/ux design
Sourcing Management,
Impact Leaders Adminstration & Operations,
Software Testing Engineering,git
Crypto Mining Rig Development,git
Video Making/Editing & Content Creation,
Website Content,css;git;html
Digital Marketing Content Creation,digital marketing;excel;social media marketing
Content Writing (Indian Movie Reviews),
Article Writing (Top 20 Type Of IT Articles),
Research: Find Celebrities Of Your Choice,
Content Writing (Biographies),
Content Writing (Article Writing),
Creative Writing (TV Serial Stories),graphic design
Content Writing (IT),
Article Writing (Thai & Chinese Celebrities),deep learning;machine learning;nlp;python;tensorflow
Content Writing (Cricket),
Finance And Advertising,accounting;excel;financial analysis
Sales And Business Relations,
Manual Data Review & Audit,
AutoCAD Content Creation,
Culinary Arts,
Physiotherapy - Subject Matter Expert,
Survey Executive,
Graphic Design Cum Video Editing,figma;graphic design;ui/ux design
Social Media Marketing & Video Editing,digital marketing;excel;social media marketing
"Copywriting, Content Writing, Social Media Post Content",digital marketing;social media marketing
Content Writing (English),
3D Modelling For Games,
Desktop Support Engineering,
Graphics Design,figma;graphic design;ui/ux design
Growth & Content Marketing,digital marketing;excel;social media marketing
Business Research,
Proofreading Physics,
Shreem IOS App Marketing,digital marketing;excel;social media marketing
Subject Matter Expert (Geography),
Research And Development (Voter Analysis),git
Strategic Digital Marketing,digital marketing;excel;social media marketing
Embedded  Electrical Engineering,c++
Mobile App Development (Flutter),git
Entrepreneur In Residence,
Legal Content Research,
Finance (Core Super-Specialized),accounting;excel;financial analysis
Corporate Marketing (B2B),digital marketing;excel;social media marketing
3D Visualisation,
"Studio Management, Reception Management",
YouTube Anchoring,
Brand Graphic Designing & Video Editing,figma;graphic design;ui/ux design
Fashion Design & Graphics,figma;graphic design;ui/ux design
Product Development (Mechanical),git
Mechatronics  Engineering,
Social Media Marketing (Facebook Ads),digital marketing;excel;social media marketing
Teaching (Robotics & STEM),
HR & Marketing,digital marketing;excel;social media marketing
Social Media Marketing & Online Marketing,digital marketing;excel;social media marketing
Finance & Audit,accounting;excel;financial analysis
"Subject Matter Expert (Economics, Statistics And Probability, Operations Management)",
Podcast Hosting,
Content Writing(Tennis),
Anchoring(Voiceover) & Video Editing,
Event Coordination & Community Management,
Arduino/IoT Training,deep learning;machine learning;nlp;python;tensorflow
Mechanical & Robotics Analysis,
Physiotherapy,
Field Sales (Bangalore Only),
Virtual Assistance (Lead Generation & Prospecting),
Catalog,
Subject Matter Expert (Botany),
Subject Matter Expert (Advance Mathematics),
Lead Generation (Marketing),digital marketing;excel;social media marketing
Sales And Digital Marketing,digital marketing;excel;social media marketing
Content Writing/Blogging,
Content Writing (Telugu),
Logo Design,figma;graphic design;ui/ux design
Marketing And HR Analysis,digital marketing;excel;social media marketing
Business Development (Field Work),git
AI Development & Research,deep learning;git;machine learning;nlp;python;tensorflow
Human Resources (HR) & Operations,
Teaching (French),
Project Training,deep learning;machine learning;nlp;python;tensorflow
Business & Strategy,
Media Buying,
Autocad design,figma;graphic design;ui/ux design
Marketing And Business Development,digital marketing;excel;git;social media marketing
Digital Marketing And Ecommerce,digital marketing;excel;social media marketing
Mass Communication,
Administration Assistant,
Video And Graphic Editing,
Content Review,
Archaeology Event Management,
Sales And Strategy,
Internshala Dashboard Management,
Influencer Outreach,
Mobile/Web App Software Engineering,css;git;html
Backend Development (Java),docker;git;java;node.js
Graphics & Video Design,figma;graphic design;ui/ux design
Counseling,
Content Writing (Food & Education),
.Net - Full Stack Development,css;git;html;javascript;node.js;react
Content And Social Media Marketing,digital marketing;excel;social media marketing
Robotics & IoT,
Admin & Marketing,digital marketing;excel;social media marketing
Freight Broker,
Content Development (Mathematics & Science),git
Design Merchandising,figma;graphic design;ui/ux design
"Content Writing (Finance, Marketing, Law, HR Research)",accounting;digital marketing;excel;financial analysis;social media marketing
Operations And Category,
Power Electronics Engineering,
Dev Ops Internship,
System Administration - Windows,
Business Management & Administration,
ASP.NET Development,git
Advanced Excel Operations for Transaction Categorization,
Human Resources (HR) - Candidate Branding & Onboarding,
Virtual Reality Unity 3D Development,git
Social Media & Influencer Marketing,digital marketing;excel;social media marketing
Video Making/Editing And Graphic Design,figma;graphic design;ui/ux design
Field Reporting & Copy Writing,
Networking Information Technology,
Market Research Analyst,
Travel & Tourism,
Presentation Design,figma;graphic design;ui/ux design
Loan File Verification,
Medical Device Design Engineering (3D Modeling - SolidWorks),figma;graphic design;ui/ux design
Telecalling/BDE,
YouTube Video Making,
NGO Assistance,
Kotlin Development,git
Video Creation (Female),
Operations And Customer Onboarding,
Field Sales Executive,
Law,
Social Media Design,digital marketing;figma;graphic design;social media marketing;ui/ux design
Mobile Development,git
Architecture & Interiors,
Content Writing (Startup Finance),accounting;excel;financial analysis
F&B Sales,
Business Analyst,excel;sql
Knowledge Management,
Social Media Graphic Design,digital marketing;figma;graphic design;social media marketing;ui/ux design
B2B Marketplace,
Content Writing (Technical & Non-Technical),
Full Stack Engineering (MERN Stack),css;html;javascript;node.js;react
Product Management Trainee,deep learning;machine learning;nlp;python;tensorflow
News Anchoring,
Social Media Strategy & Research,digital marketing;social media marketing
Operations & Project Management,
Story Board Art,
Academic Writing in English,
Subject Matter Expert (SME)- Mechanical Engineering,
Subject Matter Expert (SME) - Accounting,accounting;excel;financial analysis
"Sales, Marketing & Operation",digital marketing;excel;social media marketing
Content Development (Physics),git
Full Stack Mern Development,css;git;html;javascript;node.js;react
Business Development (Sales) Sales for AI Product,deep learning;git;machine learning;nlp;python;tensorflow
Social Media- Research And Marketing,digital marketing;excel;social media marketing
Graphic Design & 3D Design,figma;graphic design;ui/ux design
Digital Marketing Analysis (PPC),digital marketing;excel;social media marketing
Human Resources (HR) - Talent Acquisition,
Social Media Outreach,digital marketing;social media marketing
Marketing And Research,digital marketing;excel;social media marketing
"Subject Matter Expert (Accounts, Mechanical Engineering)",
Business Development (Digital Marketing),digital marketing;excel;git;social media marketing
Inside Travel Sales,
Pre-Primary Teaching,
Digital Marketing & Social Media Marketing,digital marketing;excel;social media marketing
Video Editing (Shorts & Long),
UI Development,git
Business Development Management (Sales),git
Standup Comedy Club Event Management,
Investment Analyst,financial analysis
Content Writing (Medical/Science/Pharma/Biology),
Embroidery,
Personal Assistance - Female (to Director),
Video Making (Educational Reels/Youtube),
Trainee - Equity Trading,deep learning;machine learning;nlp;python;tensorflow
Social Media Growth,digital marketing;social media marketing
LinkedIn Technical Writing,
Pinterest Management,
Subject Matter Expert (SME) - Video Solution,
LinkedIn Content Strategy (B2B),
Messaging,
Relationship Management,
YouTube News Anchoring,
Technical Recruitment,
Python Data Engineering (For 2024 Graduates Only),pandas;python
Direction Assistance,
Content Writing & Digital Marketing,digital marketing;excel;social media marketing
WordPress Developer,git
Medicine & Pharmacy,
R&D - Power Electronics And Drives,
Web App Development,css;git;html
Product Design - Electronics Engineering,figma;graphic design;ui/ux design
Embedded Systems - Firmware Development,c++;git
R&D - Robotics - Autonomous Navigation,
Business Analytics & Optimization,
Full Stack Web Development,css;git;html;javascript;node.js;react
Student Education Counseling,
Business Research (Critical Minerals),
Canva Design,figma;graphic design;ui/ux design
Human Resources (HR) (Work From Office),
Accounts & Legal,
Chemical & Mechanical Engineering,
Chemistry & Biotechnology,
Architectural Design,figma;graphic design;ui/ux design
Global Western Bridal Fashion Market Research & Analysis,
Graphic Design And Photo Editing,figma;graphic design;ui/ux design
"Full Stack Developement (Javascript, Google App Script, Node.js, HTML/CSS)",css;html;java;javascript;machine learning;node.js;react
Teaching (CUET Domains)All Sections & Domains,deep learning;machine learning;nlp;python;tensorflow
Guest Experience Management,
Lead Generation & Client Coordination,
Subject Matter Expert - Chemistry,
"Video Editing For An E-commerce Brand (Facebook, IG & TikTok)",
Business Sales,
Mind-Body Wellness Research & Innovation,
YouTube Management & Video Editing,
Human Resources,
Graphic Design With AI,deep learning;figma;graphic design;machine learning;nlp;python;tensorflow;ui/ux design
Digital Marketing With AI,deep learning;digital marketing;excel;machine learning;nlp;python;social media marketing;tensorflow
Content Writing With AI,deep learning;machine learning;nlp;python;tensorflow
Scientific Content Writing (Bioinformatics),
Three.JS Website Development,css;git;html
Accounts & Taxation,
Brand Management & Social Media Management,digital marketing;social media marketing
Subject Matter Expert (SME) - Finance,accounting;excel;financial analysis
Subject Matter Expert (SME) - Computer Science,
Social Media Video Making,digital marketing;social media marketing
Customer Relationship Management (CRM),
Fortnite UEFN Development,git
Private Equity & Venture Capital,
Quality Analyst,
Customer Relationship Management/Client Servicing,
Full Stack NEXT Development,css;git;html;javascript;node.js;react
Content Writing (Medical),
Sketch Art/Digital Art Deisgn,
Executive Assistance,
Web Design (AI),css;deep learning;figma;git;graphic design;html;machine learning;nlp;python;tensorflow;ui/ux design
Video Editing (Instagram/YouTube),
Business Consulting (MSME),
O&M (Solar Engineering),
Embedded Firmware Development,c++;git
Execution Assistance,
NEXT.js AI Development,deep learning;git;machine learning;nlp;python;tensorflow
Financial/Credit Analyst,accounting;financial analysis
UI UX Design/Graphic Design,figma;graphic design;ui/ux design
Flutter Developement,
Node JS Developement,javascript;node.js
HR/Talent Acquisition/Recruitment/Hiring,
Digital Marketing And Business Development,digital marketing;excel;git;social media marketing
Unreal Game Development,c++;git
Unity Game Developing,
Embedded Engineering,c++
Mechanical Engineering (Subject Matter Expert),
Electrical Engineering (Subject Matter Expert),
Digital Marketing For US Based Nonprofit Organization,digital marketing;excel;social media marketing
Student - Business Development,git
Subject Matter Expert (SME) - Statistics & Probability,
AppSmith Development,git
Fashion Consultation,
Data Entry/Office Assistant,
Production,
IT Assistant,
Cricket Commentator (Twitter),
Financial Planning & Operations,accounting;financial analysis
Video Editing & Graphic Design,figma;graphic design;ui/ux design
HR (Recruitment),
Mobile App Development (Android),git;java
Sales Development Representative (SDR),git
Data ETL And UI Creation,
Executive Assistance/Project Management,
Quality Control And Documentation,
Student Engagement,
Sales And Email Marketing,deep learning;digital marketing;excel;machine learning;nlp;python;social media marketing;tensorflow
Artificial Intelligence & Machine Learning,deep learning;machine learning;nlp;python;tensorflow
Executive To The CPTO,
Aerospace Design (Sourcing & Development),figma;git;graphic design;ui/ux design
Animation (Educational Videos),
Content Strategy & Growth Hacking,
Email Marketing And Market Research,deep learning;digital marketing;excel;machine learning;nlp;python;social media marketing;tensorflow
Social Media & Public Relations (PR),digital marketing;social media marketing
Non-Medical Assistance For Elderly,
HR Trainee/HR Executive,deep learning;machine learning;nlp;python;tensorflow
"Business Development, Sales & Marketing",digital marketing;excel;git;social media marketing
7-Day Virtual Charity Drive,
Accounts Trainee,deep learning;machine learning;nlp;python;tensorflow
Video Editing (3D Graphic Motion),
Instagram Management,
Digital Marketing - Instagram Influencer Marketing,digital marketing;excel;social media marketing
Legal Research/Legal Article Writing,
Podcast Hosting & Video Content Creation,
News Anchoring/Eco-Reporing,
Sales Specialist,
Product Marketing (Sales/Marketing) – Males Only,digital marketing;excel;social media marketing
Research and Presentation (History),
Customer Service (Outbond Calls),
Customer Service (Inbound Calls),
OpenAI TypeScript SDK Development,deep learning;git;machine learning;nlp;python;tensorflow
Tech Journalism,
Social Media Marketing & Research,digital marketing;excel;social media marketing
Office Assistance,
Next.js Development,git
Digital Marketing/SEO,digital marketing;excel;seo;social media marketing
3D Visual Architecture,
Photo Editing,
Helpdesk Operations,
Python/Django & React Engineering,javascript;pandas;python;react
Clients Relationship,
Product Testing,
Field Sales Trainee,deep learning;machine learning;nlp;python;tensorflow
